Workbook

Sheet CurrentModel
A1: https://iopscience.iop.org/0004-637X/761/2/166/suppdata/apj450768t1_mrt.txt
A2: FROM HU, SEAGER, BAINS 2012 TABLE 1+2+Reaction_X Files | H2: LATER ADDITIONS | K2: Zone_Scenario | S2: From Reaction_X.txt
A3: Reaction Label | B3: Reactants | C3: Products | D3: Rate Law | E3: Source | F3: Valid Temperature Range | G3: Notes | H3: Detailed References | I3: Rate Selection Notes | J3: Comparison to Other Networks/Models | K3: Earth_Full | L3: Mars | M3: Exoplanet_noN | N3: CO2N2r | O3: N2r | P3: H2r1 | Q3: Exoplanet_Full | S3: Numerical Reactants | U3: Numerical Products | X3: Named Reactants | Z3: Named Products | AC3: Correct? | AD3: Checked?
A4: P1 | B4: O2 | C4: O + O | K4: X | L4: X | M4: X | N4: X | O4: X | P4: X | Q4: X | S4: 54 | T4: 0 | U4: 1 | V4: 1 | W4: 0 | X4: =INDEX(SpeciesName!$A$2:$B$113, CurrentModel!S4+1,2) -> O2 | Y4: =INDEX(SpeciesName!$A$2:$B$113, CurrentModel!T4+1,2) -> - | Z4: =INDEX(SpeciesName!$A$2:$B$113, CurrentModel!U4+1,2) -> O | AA4: =INDEX(SpeciesName!$A$2:$B$113, CurrentModel!V4+1,2) -> O | AB4: =INDEX(SpeciesName!$A$2:$B$113, CurrentModel!W4+1,2) -> - | AC4: Yes | AD4: SR 1/11/24
A5: P2 | B5: O2 | C5: O + O(1D) | K5: X | L5: X | M5: X | N5: X | O5: X | P5: X | Q5: X | X5: =INDEX(SpeciesName!$A$2:$B$113, CurrentModel!S5+1,2) -> - | Y5: =INDEX(SpeciesName!$A$2:$B$113, CurrentModel!T5+1,2) -> - | Z5: =INDEX(SpeciesName!$A$2:$B$113, CurrentModel!U5+1,2) -> - | AA5: =INDEX(SpeciesName!$A$2:$B$113, CurrentModel!V5+1,2) -> - | AB5: =INDEX(SpeciesName!$A$2:$B$113, CurrentModel!W5+1,2) -> -
A6: P3 | B6: O3 | C6: O2 + O | K6: X | L6: X | M6: X | N6: X | O6: X | P6: X | Q6: X | X6: =INDEX(SpeciesName!$A$2:$B$113, CurrentModel!S6+1,2) -> - | Y6: =INDEX(SpeciesName!$A$2:$B$113, CurrentModel!T6+1,2) -> - | Z6: =INDEX(SpeciesName!$A$2:$B$113, CurrentModel!U6+1,2) -> - | AA6: =INDEX(SpeciesName!$A$2:$B$113, CurrentModel!V6+1,2) -> - | AB6: =INDEX(SpeciesName!$A$2:$B$113, CurrentModel!W6+1,2) -> -
A7: P4 | B7: O3 | C7: O2 + O(1D) | K7: X | L7: X | M7: X | N7: X | O7: X | P7: X | Q7: X | X7: =INDEX(SpeciesName!$A$2:$B$113, CurrentModel!S7+1,2) -> - | Y7: =INDEX(SpeciesName!$A$2:$B$113, CurrentModel!T7+1,2) -> - | Z7: =INDEX(SpeciesName!$A$2:$B$113, CurrentModel!U7+1,2) -> - | AA7: =INDEX(SpeciesName!$A$2:$B$113, CurrentModel!V7+1,2) -> - | AB7: =INDEX(SpeciesName!$A$2:$B$113, CurrentModel!W7+1,2) -> -
A8: P5 | B8: HO2 | C8: O + OH | K8: X | L8: X | M8: X | N8: X | O8: X | P8: X | Q8: X | X8: =INDEX(SpeciesName!$A$2:$B$113, CurrentModel!S8+1,2) -> - | Y8: =INDEX(SpeciesName!$A$2:$B$113, CurrentModel!T8+1,2) -> - | Z8: =INDEX(SpeciesName!$A$2:$B$113, CurrentModel!U8+1,2) -> - | AA8: =INDEX(SpeciesName!$A$2:$B$113, CurrentModel!V8+1,2) -> - | AB8: =INDEX(SpeciesName!$A$2:$B$113, CurrentModel!W8+1,2) -> -
A9: P6 | B9: H2O | C9: H + OH | K9: X | L9: X | M9: X | N9: X | O9: X | P9: X | Q9: X | X9: =INDEX(SpeciesName!$A$2:$B$113, CurrentModel!S9+1,2) -> - | Y9: =INDEX(SpeciesName!$A$2:$B$113, CurrentModel!T9+1,2) -> - | Z9: =INDEX(SpeciesName!$A$2:$B$113, CurrentModel!U9+1,2) -> - | AA9: =INDEX(SpeciesName!$A$2:$B$113, CurrentModel!V9+1,2) -> - | AB9: =INDEX(SpeciesName!$A$2:$B$113, CurrentModel!W9+1,2) -> -
A10: P7 | B10: H2O2 | C10: OH + OH | K10: X | L10: X | M10: X | N10: X | O10: X | P10: X | Q10: X | X10: =INDEX(SpeciesName!$A$2:$B$113, CurrentModel!S10+1,2) -> - | Y10: =INDEX(SpeciesName!$A$2:$B$113, CurrentModel!T10+1,2) -> - | Z10: =INDEX(SpeciesName!$A$2:$B$113, CurrentModel!U10+1,2) -> - | AA10: =INDEX(SpeciesName!$A$2:$B$113, CurrentModel!V10+1,2) -> - | AB10: =INDEX(SpeciesName!$A$2:$B$113, CurrentModel!W10+1,2) -> -
A11: P8 | B11: NO2 | C11: NO + O | K11: X | L11: X | Q11: X | X11: =INDEX(SpeciesName!$A$2:$B$113, CurrentModel!S11+1,2) -> - | Y11: =INDEX(SpeciesName!$A$2:$B$113, CurrentModel!T11+1,2) -> - | Z11: =INDEX(SpeciesName!$A$2:$B$113, CurrentModel!U11+1,2) -> - | AA11: =INDEX(SpeciesName!$A$2:$B$113, CurrentModel!V11+1,2) -> - | AB11: =INDEX(SpeciesName!$A$2:$B$113, CurrentModel!W11+1,2) -> -
A12: P9 | B12: NO3 | C12: NO + O2 | K12: X | L12: X | Q12: X | X12: =INDEX(SpeciesName!$A$2:$B$113, CurrentModel!S12+1,2) -> - | Y12: =INDEX(SpeciesName!$A$2:$B$113, CurrentModel!T12+1,2) -> - | Z12: =INDEX(SpeciesName!$A$2:$B$113, CurrentModel!U12+1,2) -> - | AA12: =INDEX(SpeciesName!$A$2:$B$113, CurrentModel!V12+1,2) -> - | AB12: =INDEX(SpeciesName!$A$2:$B$113, CurrentModel!W12+1,2) -> -
A13: P10 | B13: NO3 | C13: NO2 + O | K13: X | L13: X | Q13: X | X13: =INDEX(SpeciesName!$A$2:$B$113, CurrentModel!S13+1,2) -> - | Y13: =INDEX(SpeciesName!$A$2:$B$113, CurrentModel!T13+1,2) -> - | Z13: =INDEX(SpeciesName!$A$2:$B$113, CurrentModel!U13+1,2) -> - | AA13: =INDEX(SpeciesName!$A$2:$B$113, CurrentModel!V13+1,2) -> - | AB13: =INDEX(SpeciesName!$A$2:$B$113, CurrentModel!W13+1,2) -> -
A14: P11 | B14: N2O | C14: N2 + O(1D) | K14: X | L14: X | Q14: X | X14: =INDEX(SpeciesName!$A$2:$B$113, CurrentModel!S14+1,2) -> - | Y14: =INDEX(SpeciesName!$A$2:$B$113, CurrentModel!T14+1,2) -> - | Z14: =INDEX(SpeciesName!$A$2:$B$113, CurrentModel!U14+1,2) -> - | AA14: =INDEX(SpeciesName!$A$2:$B$113, CurrentModel!V14+1,2) -> - | AB14: =INDEX(SpeciesName!$A$2:$B$113, CurrentModel!W14+1,2) -> -
A15: P12 | B15: N2O5 | C15: NO3 + NO2 | K15: X | L15: X | Q15: X | X15: =INDEX(SpeciesName!$A$2:$B$113, CurrentModel!S15+1,2) -> - | Y15: =INDEX(SpeciesName!$A$2:$B$113, CurrentModel!T15+1,2) -> - | Z15: =INDEX(SpeciesName!$A$2:$B$113, CurrentModel!U15+1,2) -> - | AA15: =INDEX(SpeciesName!$A$2:$B$113, CurrentModel!V15+1,2) -> - | AB15: =INDEX(SpeciesName!$A$2:$B$113, CurrentModel!W15+1,2) -> -
A16: P13 | B16: N2O5 | C16: NO3 + NO + O | K16: X | L16: X | Q16: X | X16: =INDEX(SpeciesName!$A$2:$B$113, CurrentModel!S16+1,2) -> - | Y16: =INDEX(SpeciesName!$A$2:$B$113, CurrentModel!T16+1,2) -> - | Z16: =INDEX(SpeciesName!$A$2:$B$113, CurrentModel!U16+1,2) -> - | AA16: =INDEX(SpeciesName!$A$2:$B$113, CurrentModel!V16+1,2) -> - | AB16: =INDEX(SpeciesName!$A$2:$B$113, CurrentModel!W16+1,2) -> -
A17: P14 | B17: HNO2 | C17: NO + OH | K17: X | L17: X | Q17: X | X17: =INDEX(SpeciesName!$A$2:$B$113, CurrentModel!S17+1,2) -> - | Y17: =INDEX(SpeciesName!$A$2:$B$113, CurrentModel!T17+1,2) -> - | Z17: =INDEX(SpeciesName!$A$2:$B$113, CurrentModel!U17+1,2) -> - | AA17: =INDEX(SpeciesName!$A$2:$B$113, CurrentModel!V17+1,2) -> - | AB17: =INDEX(SpeciesName!$A$2:$B$113, CurrentModel!W17+1,2) -> -
A18: P15 | B18: HNO3 | C18: NO2 + OH | K18: X | L18: X | Q18: X | X18: =INDEX(SpeciesName!$A$2:$B$113, CurrentModel!S18+1,2) -> - | Y18: =INDEX(SpeciesName!$A$2:$B$113, CurrentModel!T18+1,2) -> - | Z18: =INDEX(SpeciesName!$A$2:$B$113, CurrentModel!U18+1,2) -> - | AA18: =INDEX(SpeciesName!$A$2:$B$113, CurrentModel!V18+1,2) -> - | AB18: =INDEX(SpeciesName!$A$2:$B$113, CurrentModel!W18+1,2) -> -
A19: P16 | B19: HNO3 | C19: HNO2 + O | K19: X | L19: X | Q19: X | X19: =INDEX(SpeciesName!$A$2:$B$113, CurrentModel!S19+1,2) -> - | Y19: =INDEX(SpeciesName!$A$2:$B$113, CurrentModel!T19+1,2) -> - | Z19: =INDEX(SpeciesName!$A$2:$B$113, CurrentModel!U19+1,2) -> - | AA19: =INDEX(SpeciesName!$A$2:$B$113, CurrentModel!V19+1,2) -> - | AB19: =INDEX(SpeciesName!$A$2:$B$113, CurrentModel!W19+1,2) -> -
A20: P17 | B20: HNO3 | C20: HNO2 + O(1D) | K20: X | L20: X | Q20: X | X20: =INDEX(SpeciesName!$A$2:$B$113, CurrentModel!S20+1,2) -> - | Y20: =INDEX(SpeciesName!$A$2:$B$113, CurrentModel!T20+1,2) -> - | Z20: =INDEX(SpeciesName!$A$2:$B$113, CurrentModel!U20+1,2) -> - | AA20: =INDEX(SpeciesName!$A$2:$B$113, CurrentModel!V20+1,2) -> - | AB20: =INDEX(SpeciesName!$A$2:$B$113, CurrentModel!W20+1,2) -> -
A21: P18 | B21: HNO4 | C21: NO2 + HO2 | K21: X | L21: X | Q21: X | X21: =INDEX(SpeciesName!$A$2:$B$113, CurrentModel!S21+1,2) -> - | Y21: =INDEX(SpeciesName!$A$2:$B$113, CurrentModel!T21+1,2) -> - | Z21: =INDEX(SpeciesName!$A$2:$B$113, CurrentModel!U21+1,2) -> - | AA21: =INDEX(SpeciesName!$A$2:$B$113, CurrentModel!V21+1,2) -> - | AB21: =INDEX(SpeciesName!$A$2:$B$113, CurrentModel!W21+1,2) -> -
A22: P19 | B22: HNO4 | C22: NO3 + OH | K22: X | L22: X | Q22: X | X22: =INDEX(SpeciesName!$A$2:$B$113, CurrentModel!S22+1,2) -> - | Y22: =INDEX(SpeciesName!$A$2:$B$113, CurrentModel!T22+1,2) -> - | Z22: =INDEX(SpeciesName!$A$2:$B$113, CurrentModel!U22+1,2) -> - | AA22: =INDEX(SpeciesName!$A$2:$B$113, CurrentModel!V22+1,2) -> - | AB22: =INDEX(SpeciesName!$A$2:$B$113, CurrentModel!W22+1,2) -> -
A23: P20 | B23: CH2O | C23: CHO + H | K23: X | L23: X | M23: X | N23: X | O23: X | P23: X | Q23: X | X23: =INDEX(SpeciesName!$A$2:$B$113, CurrentModel!S23+1,2) -> - | Y23: =INDEX(SpeciesName!$A$2:$B$113, CurrentModel!T23+1,2) -> - | Z23: =INDEX(SpeciesName!$A$2:$B$113, CurrentModel!U23+1,2) -> - | AA23: =INDEX(SpeciesName!$A$2:$B$113, CurrentModel!V23+1,2) -> - | AB23: =INDEX(SpeciesName!$A$2:$B$113, CurrentModel!W23+1,2) -> -
A24: P21 | B24: CH2O | C24: CO + H2 | K24: X | L24: X | M24: X | N24: X | O24: X | P24: X | Q24: X | X24: =INDEX(SpeciesName!$A$2:$B$113, CurrentModel!S24+1,2) -> - | Y24: =INDEX(SpeciesName!$A$2:$B$113, CurrentModel!T24+1,2) -> - | Z24: =INDEX(SpeciesName!$A$2:$B$113, CurrentModel!U24+1,2) -> - | AA24: =INDEX(SpeciesName!$A$2:$B$113, CurrentModel!V24+1,2) -> - | AB24: =INDEX(SpeciesName!$A$2:$B$113, CurrentModel!W24+1,2) -> -
A25: P22 | B25: C2H4O | C25: CHO + CH4 | K25: X | L25: X | M25: X | N25: X | O25: X | P25: X | Q25: X | X25: =INDEX(SpeciesName!$A$2:$B$113, CurrentModel!S25+1,2) -> - | Y25: =INDEX(SpeciesName!$A$2:$B$113, CurrentModel!T25+1,2) -> - | Z25: =INDEX(SpeciesName!$A$2:$B$113, CurrentModel!U25+1,2) -> - | AA25: =INDEX(SpeciesName!$A$2:$B$113, CurrentModel!V25+1,2) -> - | AB25: =INDEX(SpeciesName!$A$2:$B$113, CurrentModel!W25+1,2) -> -
A26: P23 | B26: C2H4O | C26: CO + CH4 | K26: X | L26: X | M26: X | N26: X | O26: X | P26: X | Q26: X | X26: =INDEX(SpeciesName!$A$2:$B$113, CurrentModel!S26+1,2) -> - | Y26: =INDEX(SpeciesName!$A$2:$B$113, CurrentModel!T26+1,2) -> - | Z26: =INDEX(SpeciesName!$A$2:$B$113, CurrentModel!U26+1,2) -> - | AA26: =INDEX(SpeciesName!$A$2:$B$113, CurrentModel!V26+1,2) -> - | AB26: =INDEX(SpeciesName!$A$2:$B$113, CurrentModel!W26+1,2) -> -
A27: P24 | B27: CH4O2 | C27: CH3O + OH | K27: X | L27: X | M27: X | N27: X | O27: X | P27: X | Q27: X | X27: =INDEX(SpeciesName!$A$2:$B$113, CurrentModel!S27+1,2) -> - | Y27: =INDEX(SpeciesName!$A$2:$B$113, CurrentModel!T27+1,2) -> - | Z27: =INDEX(SpeciesName!$A$2:$B$113, CurrentModel!U27+1,2) -> - | AA27: =INDEX(SpeciesName!$A$2:$B$113, CurrentModel!V27+1,2) -> - | AB27: =INDEX(SpeciesName!$A$2:$B$113, CurrentModel!W27+1,2) -> -
A28: P25 | B28: CH3NO2 | C28: CH3O + NO | K28: X | L28: X | Q28: X | X28: =INDEX(SpeciesName!$A$2:$B$113, CurrentModel!S28+1,2) -> - | Y28: =INDEX(SpeciesName!$A$2:$B$113, CurrentModel!T28+1,2) -> - | Z28: =INDEX(SpeciesName!$A$2:$B$113, CurrentModel!U28+1,2) -> - | AA28: =INDEX(SpeciesName!$A$2:$B$113, CurrentModel!V28+1,2) -> - | AB28: =INDEX(SpeciesName!$A$2:$B$113, CurrentModel!W28+1,2) -> -
A29: P26 | B29: CH3NO3 | C29: CH3O + NO2 | K29: X | L29: X | Q29: X | X29: =INDEX(SpeciesName!$A$2:$B$113, CurrentModel!S29+1,2) -> - | Y29: =INDEX(SpeciesName!$A$2:$B$113, CurrentModel!T29+1,2) -> - | Z29: =INDEX(SpeciesName!$A$2:$B$113, CurrentModel!U29+1,2) -> - | AA29: =INDEX(SpeciesName!$A$2:$B$113, CurrentModel!V29+1,2) -> - | AB29: =INDEX(SpeciesName!$A$2:$B$113, CurrentModel!W29+1,2) -> -
A30: P27 | B30: CH2O2 | C30: CHO + OH | K30: X | L30: X | M30: X | N30: X | O30: X | P30: X | Q30: X | X30: =INDEX(SpeciesName!$A$2:$B$113, CurrentModel!S30+1,2) -> - | Y30: =INDEX(SpeciesName!$A$2:$B$113, CurrentModel!T30+1,2) -> - | Z30: =INDEX(SpeciesName!$A$2:$B$113, CurrentModel!U30+1,2) -> - | AA30: =INDEX(SpeciesName!$A$2:$B$113, CurrentModel!V30+1,2) -> - | AB30: =INDEX(SpeciesName!$A$2:$B$113, CurrentModel!W30+1,2) -> -
A31: P28 | B31: CH2O2 | C31: CHO2 + H | K31: X | L31: X | M31: X | N31: X | O31: X | Q31: X | S31: 23 | T31: 0 | U31: 63 | V31: 3 | W31: 0 | X31: =INDEX(SpeciesName!$A$2:$B$113, CurrentModel!S31+1,2) -> CH2O2 | Y31: =INDEX(SpeciesName!$A$2:$B$113, CurrentModel!T31+1,2) -> - | Z31: =INDEX(SpeciesName!$A$2:$B$113, CurrentModel!U31+1,2) -> CHO2 | AA31: =INDEX(SpeciesName!$A$2:$B$113, CurrentModel!V31+1,2) -> H | AB31: =INDEX(SpeciesName!$A$2:$B$113, CurrentModel!W31+1,2) -> - | AC31: Yes | AD31: SR 1/18/24
A32: P29 | B32: CH2O2 | C32: H2O + CO | K32: X | L32: X | M32: X | N32: X | O32: X | P32: X | Q32: X | X32: =INDEX(SpeciesName!$A$2:$B$113, CurrentModel!S32+1,2) -> - | Y32: =INDEX(SpeciesName!$A$2:$B$113, CurrentModel!T32+1,2) -> - | Z32: =INDEX(SpeciesName!$A$2:$B$113, CurrentModel!U32+1,2) -> - | AA32: =INDEX(SpeciesName!$A$2:$B$113, CurrentModel!V32+1,2) -> - | AB32: =INDEX(SpeciesName!$A$2:$B$113, CurrentModel!W32+1,2) -> -
A33: P30 | B33: SO3 | C33: SO2 + O | K33: X | M33: X | N33: X | O33: X | P33: X | Q33: X | X33: =INDEX(SpeciesName!$A$2:$B$113, CurrentModel!S33+1,2) -> - | Y33: =INDEX(SpeciesName!$A$2:$B$113, CurrentModel!T33+1,2) -> - | Z33: =INDEX(SpeciesName!$A$2:$B$113, CurrentModel!U33+1,2) -> - | AA33: =INDEX(SpeciesName!$A$2:$B$113, CurrentModel!V33+1,2) -> - | AB33: =INDEX(SpeciesName!$A$2:$B$113, CurrentModel!W33+1,2) -> -
A34: P31 | B34: OCS | C34: CO + S | K34: X | Q34: X | X34: =INDEX(SpeciesName!$A$2:$B$113, CurrentModel!S34+1,2) -> - | Y34: =INDEX(SpeciesName!$A$2:$B$113, CurrentModel!T34+1,2) -> - | Z34: =INDEX(SpeciesName!$A$2:$B$113, CurrentModel!U34+1,2) -> - | AA34: =INDEX(SpeciesName!$A$2:$B$113, CurrentModel!V34+1,2) -> - | AB34: =INDEX(SpeciesName!$A$2:$B$113, CurrentModel!W34+1,2) -> -
A35: P32 | B35: CH4 | C35: CH3 + H | K35: X | L35: X | M35: X | N35: X | O35: X | P35: X | Q35: X | X35: =INDEX(SpeciesName!$A$2:$B$113, CurrentModel!S35+1,2) -> - | Y35: =INDEX(SpeciesName!$A$2:$B$113, CurrentModel!T35+1,2) -> - | Z35: =INDEX(SpeciesName!$A$2:$B$113, CurrentModel!U35+1,2) -> - | AA35: =INDEX(SpeciesName!$A$2:$B$113, CurrentModel!V35+1,2) -> - | AB35: =INDEX(SpeciesName!$A$2:$B$113, CurrentModel!W35+1,2) -> -
A36: P33 | B36: CH4 | C36: CH2(1) + H2 | K36: X | L36: X | M36: X | N36: X | O36: X | P36: X | Q36: X | X36: =INDEX(SpeciesName!$A$2:$B$113, CurrentModel!S36+1,2) -> - | Y36: =INDEX(SpeciesName!$A$2:$B$113, CurrentModel!T36+1,2) -> - | Z36: =INDEX(SpeciesName!$A$2:$B$113, CurrentModel!U36+1,2) -> - | AA36: =INDEX(SpeciesName!$A$2:$B$113, CurrentModel!V36+1,2) -> - | AB36: =INDEX(SpeciesName!$A$2:$B$113, CurrentModel!W36+1,2) -> -
A37: P34 | B37: CH4 | C37: CH + H2 + H | K37: X | L37: X | M37: X | N37: X | O37: X | P37: X | Q37: X | X37: =INDEX(SpeciesName!$A$2:$B$113, CurrentModel!S37+1,2) -> - | Y37: =INDEX(SpeciesName!$A$2:$B$113, CurrentModel!T37+1,2) -> - | Z37: =INDEX(SpeciesName!$A$2:$B$113, CurrentModel!U37+1,2) -> - | AA37: =INDEX(SpeciesName!$A$2:$B$113, CurrentModel!V37+1,2) -> - | AB37: =INDEX(SpeciesName!$A$2:$B$113, CurrentModel!W37+1,2) -> -
A38: P35 | B38: CO | C38: C + O | K38: X | L38: X | M38: X | N38: X | O38: X | P38: X | Q38: X | X38: =INDEX(SpeciesName!$A$2:$B$113, CurrentModel!S38+1,2) -> - | Y38: =INDEX(SpeciesName!$A$2:$B$113, CurrentModel!T38+1,2) -> - | Z38: =INDEX(SpeciesName!$A$2:$B$113, CurrentModel!U38+1,2) -> - | AA38: =INDEX(SpeciesName!$A$2:$B$113, CurrentModel!V38+1,2) -> - | AB38: =INDEX(SpeciesName!$A$2:$B$113, CurrentModel!W38+1,2) -> -
A39: P36 | B39: CO2 | C39: CO + O | K39: X | L39: X | M39: X | N39: X | O39: X | P39: X | Q39: X | X39: =INDEX(SpeciesName!$A$2:$B$113, CurrentModel!S39+1,2) -> - | Y39: =INDEX(SpeciesName!$A$2:$B$113, CurrentModel!T39+1,2) -> - | Z39: =INDEX(SpeciesName!$A$2:$B$113, CurrentModel!U39+1,2) -> - | AA39: =INDEX(SpeciesName!$A$2:$B$113, CurrentModel!V39+1,2) -> - | AB39: =INDEX(SpeciesName!$A$2:$B$113, CurrentModel!W39+1,2) -> -
A40: P37 | B40: CO2 | C40: CO + O(1D) | K40: X | L40: X | M40: X | N40: X | O40: X | P40: X | Q40: X | X40: =INDEX(SpeciesName!$A$2:$B$113, CurrentModel!S40+1,2) -> - | Y40: =INDEX(SpeciesName!$A$2:$B$113, CurrentModel!T40+1,2) -> - | Z40: =INDEX(SpeciesName!$A$2:$B$113, CurrentModel!U40+1,2) -> - | AA40: =INDEX(SpeciesName!$A$2:$B$113, CurrentModel!V40+1,2) -> - | AB40: =INDEX(SpeciesName!$A$2:$B$113, CurrentModel!W40+1,2) -> -
A41: P38 | B41: H2 | C41: H + H | K41: X | L41: X | M41: X | N41: X | O41: X | P41: X | Q41: X | X41: =INDEX(SpeciesName!$A$2:$B$113, CurrentModel!S41+1,2) -> - | Y41: =INDEX(SpeciesName!$A$2:$B$113, CurrentModel!T41+1,2) -> - | Z41: =INDEX(SpeciesName!$A$2:$B$113, CurrentModel!U41+1,2) -> - | AA41: =INDEX(SpeciesName!$A$2:$B$113, CurrentModel!V41+1,2) -> - | AB41: =INDEX(SpeciesName!$A$2:$B$113, CurrentModel!W41+1,2) -> -
A42: P39 | B42: N2 | C42: N + N | K42: X | L42: X | Q42: X | X42: =INDEX(SpeciesName!$A$2:$B$113, CurrentModel!S42+1,2) -> - | Y42: =INDEX(SpeciesName!$A$2:$B$113, CurrentModel!T42+1,2) -> - | Z42: =INDEX(SpeciesName!$A$2:$B$113, CurrentModel!U42+1,2) -> - | AA42: =INDEX(SpeciesName!$A$2:$B$113, CurrentModel!V42+1,2) -> - | AB42: =INDEX(SpeciesName!$A$2:$B$113, CurrentModel!W42+1,2) -> -
A43: P40 | B43: CH4O | C43: CH3O + H | K43: X | L43: X | M43: X | N43: X | O43: X | P43: X | Q43: X | X43: =INDEX(SpeciesName!$A$2:$B$113, CurrentModel!S43+1,2) -> - | Y43: =INDEX(SpeciesName!$A$2:$B$113, CurrentModel!T43+1,2) -> - | Z43: =INDEX(SpeciesName!$A$2:$B$113, CurrentModel!U43+1,2) -> - | AA43: =INDEX(SpeciesName!$A$2:$B$113, CurrentModel!V43+1,2) -> - | AB43: =INDEX(SpeciesName!$A$2:$B$113, CurrentModel!W43+1,2) -> -
A44: P41 | B44: HCN | C44: H + CN | K44: X | L44: X | Q44: X | X44: =INDEX(SpeciesName!$A$2:$B$113, CurrentModel!S44+1,2) -> - | Y44: =INDEX(SpeciesName!$A$2:$B$113, CurrentModel!T44+1,2) -> - | Z44: =INDEX(SpeciesName!$A$2:$B$113, CurrentModel!U44+1,2) -> - | AA44: =INDEX(SpeciesName!$A$2:$B$113, CurrentModel!V44+1,2) -> - | AB44: =INDEX(SpeciesName!$A$2:$B$113, CurrentModel!W44+1,2) -> -
A45: P42 | B45: NH3 | C45: NH2 + H | K45: X | L45: X | Q45: X | X45: =INDEX(SpeciesName!$A$2:$B$113, CurrentModel!S45+1,2) -> - | Y45: =INDEX(SpeciesName!$A$2:$B$113, CurrentModel!T45+1,2) -> - | Z45: =INDEX(SpeciesName!$A$2:$B$113, CurrentModel!U45+1,2) -> - | AA45: =INDEX(SpeciesName!$A$2:$B$113, CurrentModel!V45+1,2) -> - | AB45: =INDEX(SpeciesName!$A$2:$B$113, CurrentModel!W45+1,2) -> -
A46: P43 | B46: NH3 | C46: NH + H2 | K46: X | L46: X | Q46: X | X46: =INDEX(SpeciesName!$A$2:$B$113, CurrentModel!S46+1,2) -> - | Y46: =INDEX(SpeciesName!$A$2:$B$113, CurrentModel!T46+1,2) -> - | Z46: =INDEX(SpeciesName!$A$2:$B$113, CurrentModel!U46+1,2) -> - | AA46: =INDEX(SpeciesName!$A$2:$B$113, CurrentModel!V46+1,2) -> - | AB46: =INDEX(SpeciesName!$A$2:$B$113, CurrentModel!W46+1,2) -> -
A47: P44 | B47: NO | C47: N + O | K47: X | L47: X | Q47: X | X47: =INDEX(SpeciesName!$A$2:$B$113, CurrentModel!S47+1,2) -> - | Y47: =INDEX(SpeciesName!$A$2:$B$113, CurrentModel!T47+1,2) -> - | Z47: =INDEX(SpeciesName!$A$2:$B$113, CurrentModel!U47+1,2) -> - | AA47: =INDEX(SpeciesName!$A$2:$B$113, CurrentModel!V47+1,2) -> - | AB47: =INDEX(SpeciesName!$A$2:$B$113, CurrentModel!W47+1,2) -> -
A48: P45 | B48: H2S | C48: HS + H | K48: X | M48: X | N48: X | O48: X | P48: X | Q48: X | X48: =INDEX(SpeciesName!$A$2:$B$113, CurrentModel!S48+1,2) -> - | Y48: =INDEX(SpeciesName!$A$2:$B$113, CurrentModel!T48+1,2) -> - | Z48: =INDEX(SpeciesName!$A$2:$B$113, CurrentModel!U48+1,2) -> - | AA48: =INDEX(SpeciesName!$A$2:$B$113, CurrentModel!V48+1,2) -> - | AB48: =INDEX(SpeciesName!$A$2:$B$113, CurrentModel!W48+1,2) -> -
A49: P46 | B49: SO2 | C49: SO + O | K49: X | M49: X | N49: X | O49: X | P49: X | Q49: X | X49: =INDEX(SpeciesName!$A$2:$B$113, CurrentModel!S49+1,2) -> - | Y49: =INDEX(SpeciesName!$A$2:$B$113, CurrentModel!T49+1,2) -> - | Z49: =INDEX(SpeciesName!$A$2:$B$113, CurrentModel!U49+1,2) -> - | AA49: =INDEX(SpeciesName!$A$2:$B$113, CurrentModel!V49+1,2) -> - | AB49: =INDEX(SpeciesName!$A$2:$B$113, CurrentModel!W49+1,2) -> -
A50: P47 | B50: SO2 | C50: SO2(1) | K50: X | M50: X | N50: X | O50: X | P50: X | Q50: X | X50: =INDEX(SpeciesName!$A$2:$B$113, CurrentModel!S50+1,2) -> - | Y50: =INDEX(SpeciesName!$A$2:$B$113, CurrentModel!T50+1,2) -> - | Z50: =INDEX(SpeciesName!$A$2:$B$113, CurrentModel!U50+1,2) -> - | AA50: =INDEX(SpeciesName!$A$2:$B$113, CurrentModel!V50+1,2) -> - | AB50: =INDEX(SpeciesName!$A$2:$B$113, CurrentModel!W50+1,2) -> -
A51: P48 | B51: SO2 | C51: SO2(3) | K51: X | M51: X | N51: X | O51: X | P51: X | Q51: X | X51: =INDEX(SpeciesName!$A$2:$B$113, CurrentModel!S51+1,2) -> - | Y51: =INDEX(SpeciesName!$A$2:$B$113, CurrentModel!T51+1,2) -> - | Z51: =INDEX(SpeciesName!$A$2:$B$113, CurrentModel!U51+1,2) -> - | AA51: =INDEX(SpeciesName!$A$2:$B$113, CurrentModel!V51+1,2) -> - | AB51: =INDEX(SpeciesName!$A$2:$B$113, CurrentModel!W51+1,2) -> -
A52: P49 | B52: HSO | C52: HS + O | K52: X | M52: X | N52: X | O52: X | P52: X | Q52: X | X52: =INDEX(SpeciesName!$A$2:$B$113, CurrentModel!S52+1,2) -> - | Y52: =INDEX(SpeciesName!$A$2:$B$113, CurrentModel!T52+1,2) -> - | Z52: =INDEX(SpeciesName!$A$2:$B$113, CurrentModel!U52+1,2) -> - | AA52: =INDEX(SpeciesName!$A$2:$B$113, CurrentModel!V52+1,2) -> - | AB52: =INDEX(SpeciesName!$A$2:$B$113, CurrentModel!W52+1,2) -> -
A53: P50 | B53: H2SO4 | C53: SO3 + H2O | K53: X | M53: X | N53: X | O53: X | P53: X | Q53: X | X53: =INDEX(SpeciesName!$A$2:$B$113, CurrentModel!S53+1,2) -> - | Y53: =INDEX(SpeciesName!$A$2:$B$113, CurrentModel!T53+1,2) -> - | Z53: =INDEX(SpeciesName!$A$2:$B$113, CurrentModel!U53+1,2) -> - | AA53: =INDEX(SpeciesName!$A$2:$B$113, CurrentModel!V53+1,2) -> - | AB53: =INDEX(SpeciesName!$A$2:$B$113, CurrentModel!W53+1,2) -> -
A54: P51 | B54: SO | C54: S + O | K54: X | M54: X | N54: X | O54: X | P54: X | Q54: X | X54: =INDEX(SpeciesName!$A$2:$B$113, CurrentModel!S54+1,2) -> - | Y54: =INDEX(SpeciesName!$A$2:$B$113, CurrentModel!T54+1,2) -> - | Z54: =INDEX(SpeciesName!$A$2:$B$113, CurrentModel!U54+1,2) -> - | AA54: =INDEX(SpeciesName!$A$2:$B$113, CurrentModel!V54+1,2) -> - | AB54: =INDEX(SpeciesName!$A$2:$B$113, CurrentModel!W54+1,2) -> -
A55: P52 | B55: S2 | C55: S + S | K55: X | M55: X | N55: X | O55: X | P55: X | Q55: X | X55: =INDEX(SpeciesName!$A$2:$B$113, CurrentModel!S55+1,2) -> - | Y55: =INDEX(SpeciesName!$A$2:$B$113, CurrentModel!T55+1,2) -> - | Z55: =INDEX(SpeciesName!$A$2:$B$113, CurrentModel!U55+1,2) -> - | AA55: =INDEX(SpeciesName!$A$2:$B$113, CurrentModel!V55+1,2) -> - | AB55: =INDEX(SpeciesName!$A$2:$B$113, CurrentModel!W55+1,2) -> -
A56: P53 | B56: S3 | C56: S2 + S | K56: X | M56: X | N56: X | O56: X | P56: X | Q56: X | X56: =INDEX(SpeciesName!$A$2:$B$113, CurrentModel!S56+1,2) -> - | Y56: =INDEX(SpeciesName!$A$2:$B$113, CurrentModel!T56+1,2) -> - | Z56: =INDEX(SpeciesName!$A$2:$B$113, CurrentModel!U56+1,2) -> - | AA56: =INDEX(SpeciesName!$A$2:$B$113, CurrentModel!V56+1,2) -> - | AB56: =INDEX(SpeciesName!$A$2:$B$113, CurrentModel!W56+1,2) -> -
A57: P54 | B57: S4 | C57: S2 + S2 | K57: X | M57: X | N57: X | O57: X | P57: X | Q57: X | X57: =INDEX(SpeciesName!$A$2:$B$113, CurrentModel!S57+1,2) -> - | Y57: =INDEX(SpeciesName!$A$2:$B$113, CurrentModel!T57+1,2) -> - | Z57: =INDEX(SpeciesName!$A$2:$B$113, CurrentModel!U57+1,2) -> - | AA57: =INDEX(SpeciesName!$A$2:$B$113, CurrentModel!V57+1,2) -> - | AB57: =INDEX(SpeciesName!$A$2:$B$113, CurrentModel!W57+1,2) -> -
A58: P55 | B58: S8 | C58: S4 + S4 | G58: May not actually occur; excluded from Hu+2012 Table 1, see also discussion in Hu+2013 | X58: =INDEX(SpeciesName!$A$2:$B$113, CurrentModel!S58+1,2) -> - | Y58: =INDEX(SpeciesName!$A$2:$B$113, CurrentModel!T58+1,2) -> - | Z58: =INDEX(SpeciesName!$A$2:$B$113, CurrentModel!U58+1,2) -> - | AA58: =INDEX(SpeciesName!$A$2:$B$113, CurrentModel!V58+1,2) -> - | AB58: =INDEX(SpeciesName!$A$2:$B$113, CurrentModel!W58+1,2) -> -
A59: P56 | B59: C2H2 | C59: C2H + H | K59: X | L59: X | M59: X | N59: X | O59: X | P59: X | Q59: X | X59: =INDEX(SpeciesName!$A$2:$B$113, CurrentModel!S59+1,2) -> - | Y59: =INDEX(SpeciesName!$A$2:$B$113, CurrentModel!T59+1,2) -> - | Z59: =INDEX(SpeciesName!$A$2:$B$113, CurrentModel!U59+1,2) -> - | AA59: =INDEX(SpeciesName!$A$2:$B$113, CurrentModel!V59+1,2) -> - | AB59: =INDEX(SpeciesName!$A$2:$B$113, CurrentModel!W59+1,2) -> -
A60: P57 | B60: C2H3 | C60: C2H2 + H | K60: X | L60: X | M60: X | N60: X | O60: X | P60: X | Q60: X | X60: =INDEX(SpeciesName!$A$2:$B$113, CurrentModel!S60+1,2) -> - | Y60: =INDEX(SpeciesName!$A$2:$B$113, CurrentModel!T60+1,2) -> - | Z60: =INDEX(SpeciesName!$A$2:$B$113, CurrentModel!U60+1,2) -> - | AA60: =INDEX(SpeciesName!$A$2:$B$113, CurrentModel!V60+1,2) -> - | AB60: =INDEX(SpeciesName!$A$2:$B$113, CurrentModel!W60+1,2) -> -
A61: P58 | B61: C2H4 | C61: C2H2 + H2 | K61: X | L61: X | M61: X | N61: X | O61: X | P61: X | Q61: X | X61: =INDEX(SpeciesName!$A$2:$B$113, CurrentModel!S61+1,2) -> - | Y61: =INDEX(SpeciesName!$A$2:$B$113, CurrentModel!T61+1,2) -> - | Z61: =INDEX(SpeciesName!$A$2:$B$113, CurrentModel!U61+1,2) -> - | AA61: =INDEX(SpeciesName!$A$2:$B$113, CurrentModel!V61+1,2) -> - | AB61: =INDEX(SpeciesName!$A$2:$B$113, CurrentModel!W61+1,2) -> -
A62: P59 | B62: C2H4 | C62: C2H2 + H + H | K62: X | L62: X | M62: X | N62: X | O62: X | P62: X | Q62: X | X62: =INDEX(SpeciesName!$A$2:$B$113, CurrentModel!S62+1,2) -> - | Y62: =INDEX(SpeciesName!$A$2:$B$113, CurrentModel!T62+1,2) -> - | Z62: =INDEX(SpeciesName!$A$2:$B$113, CurrentModel!U62+1,2) -> - | AA62: =INDEX(SpeciesName!$A$2:$B$113, CurrentModel!V62+1,2) -> - | AB62: =INDEX(SpeciesName!$A$2:$B$113, CurrentModel!W62+1,2) -> -
A63: P60 | B63: C2H4 | C63: C2H3 + H | K63: X | L63: X | M63: X | N63: X | O63: X | P63: X | Q63: X | X63: =INDEX(SpeciesName!$A$2:$B$113, CurrentModel!S63+1,2) -> - | Y63: =INDEX(SpeciesName!$A$2:$B$113, CurrentModel!T63+1,2) -> - | Z63: =INDEX(SpeciesName!$A$2:$B$113, CurrentModel!U63+1,2) -> - | AA63: =INDEX(SpeciesName!$A$2:$B$113, CurrentModel!V63+1,2) -> - | AB63: =INDEX(SpeciesName!$A$2:$B$113, CurrentModel!W63+1,2) -> -
A64: P61 | B64: C2H5 | C64: CH3 + CH2(1) | K64: X | L64: X | M64: X | N64: X | O64: X | P64: X | Q64: X | X64: =INDEX(SpeciesName!$A$2:$B$113, CurrentModel!S64+1,2) -> - | Y64: =INDEX(SpeciesName!$A$2:$B$113, CurrentModel!T64+1,2) -> - | Z64: =INDEX(SpeciesName!$A$2:$B$113, CurrentModel!U64+1,2) -> - | AA64: =INDEX(SpeciesName!$A$2:$B$113, CurrentModel!V64+1,2) -> - | AB64: =INDEX(SpeciesName!$A$2:$B$113, CurrentModel!W64+1,2) -> -
A65: P62 | B65: C2H6 | C65: C2H4 + H2 | K65: X | L65: X | M65: X | N65: X | O65: X | P65: X | Q65: X | X65: =INDEX(SpeciesName!$A$2:$B$113, CurrentModel!S65+1,2) -> - | Y65: =INDEX(SpeciesName!$A$2:$B$113, CurrentModel!T65+1,2) -> - | Z65: =INDEX(SpeciesName!$A$2:$B$113, CurrentModel!U65+1,2) -> - | AA65: =INDEX(SpeciesName!$A$2:$B$113, CurrentModel!V65+1,2) -> - | AB65: =INDEX(SpeciesName!$A$2:$B$113, CurrentModel!W65+1,2) -> -
A66: P63 | B66: C2H6 | C66: C2H4 + H + H | K66: X | L66: X | M66: X | N66: X | O66: X | P66: X | Q66: X | X66: =INDEX(SpeciesName!$A$2:$B$113, CurrentModel!S66+1,2) -> - | Y66: =INDEX(SpeciesName!$A$2:$B$113, CurrentModel!T66+1,2) -> - | Z66: =INDEX(SpeciesName!$A$2:$B$113, CurrentModel!U66+1,2) -> - | AA66: =INDEX(SpeciesName!$A$2:$B$113, CurrentModel!V66+1,2) -> - | AB66: =INDEX(SpeciesName!$A$2:$B$113, CurrentModel!W66+1,2) -> -
A67: P64 | B67: C2H6 | C67: C2H2 + H2 + H2 | K67: X | L67: X | M67: X | N67: X | O67: X | P67: X | Q67: X | X67: =INDEX(SpeciesName!$A$2:$B$113, CurrentModel!S67+1,2) -> - | Y67: =INDEX(SpeciesName!$A$2:$B$113, CurrentModel!T67+1,2) -> - | Z67: =INDEX(SpeciesName!$A$2:$B$113, CurrentModel!U67+1,2) -> - | AA67: =INDEX(SpeciesName!$A$2:$B$113, CurrentModel!V67+1,2) -> - | AB67: =INDEX(SpeciesName!$A$2:$B$113, CurrentModel!W67+1,2) -> -
A68: P65 | B68: C2H6 | C68: CH4 + CH2(1) | K68: X | L68: X | M68: X | N68: X | O68: X | P68: X | Q68: X | X68: =INDEX(SpeciesName!$A$2:$B$113, CurrentModel!S68+1,2) -> - | Y68: =INDEX(SpeciesName!$A$2:$B$113, CurrentModel!T68+1,2) -> - | Z68: =INDEX(SpeciesName!$A$2:$B$113, CurrentModel!U68+1,2) -> - | AA68: =INDEX(SpeciesName!$A$2:$B$113, CurrentModel!V68+1,2) -> - | AB68: =INDEX(SpeciesName!$A$2:$B$113, CurrentModel!W68+1,2) -> -
A69: P66 | B69: C2H6 | C69: CH3 + CH3 | K69: X | L69: X | M69: X | N69: X | O69: X | P69: X | Q69: X | X69: =INDEX(SpeciesName!$A$2:$B$113, CurrentModel!S69+1,2) -> - | Y69: =INDEX(SpeciesName!$A$2:$B$113, CurrentModel!T69+1,2) -> - | Z69: =INDEX(SpeciesName!$A$2:$B$113, CurrentModel!U69+1,2) -> - | AA69: =INDEX(SpeciesName!$A$2:$B$113, CurrentModel!V69+1,2) -> - | AB69: =INDEX(SpeciesName!$A$2:$B$113, CurrentModel!W69+1,2) -> -
A70: P67 | B70: N2H2 | C70: N2 + H2 | K70: X | L70: X | Q70: X | X70: =INDEX(SpeciesName!$A$2:$B$113, CurrentModel!S70+1,2) -> - | Y70: =INDEX(SpeciesName!$A$2:$B$113, CurrentModel!T70+1,2) -> - | Z70: =INDEX(SpeciesName!$A$2:$B$113, CurrentModel!U70+1,2) -> - | AA70: =INDEX(SpeciesName!$A$2:$B$113, CurrentModel!V70+1,2) -> - | AB70: =INDEX(SpeciesName!$A$2:$B$113, CurrentModel!W70+1,2) -> -
A71: P68 | B71: N2H4 | C71: N2H3 + H | K71: X | L71: X | Q71: X | X71: =INDEX(SpeciesName!$A$2:$B$113, CurrentModel!S71+1,2) -> - | Y71: =INDEX(SpeciesName!$A$2:$B$113, CurrentModel!T71+1,2) -> - | Z71: =INDEX(SpeciesName!$A$2:$B$113, CurrentModel!U71+1,2) -> - | AA71: =INDEX(SpeciesName!$A$2:$B$113, CurrentModel!V71+1,2) -> - | AB71: =INDEX(SpeciesName!$A$2:$B$113, CurrentModel!W71+1,2) -> -
A72: P69 | B72: CH5N | C72: HCN + H2 + H2 | K72: X | L72: X | Q72: X | X72: =INDEX(SpeciesName!$A$2:$B$113, CurrentModel!S72+1,2) -> - | Y72: =INDEX(SpeciesName!$A$2:$B$113, CurrentModel!T72+1,2) -> - | Z72: =INDEX(SpeciesName!$A$2:$B$113, CurrentModel!U72+1,2) -> - | AA72: =INDEX(SpeciesName!$A$2:$B$113, CurrentModel!V72+1,2) -> - | AB72: =INDEX(SpeciesName!$A$2:$B$113, CurrentModel!W72+1,2) -> -
A73: P70 | B73: C2H5N | C73: HCN + CH3 + H | K73: X | L73: X | Q73: X | X73: =INDEX(SpeciesName!$A$2:$B$113, CurrentModel!S73+1,2) -> - | Y73: =INDEX(SpeciesName!$A$2:$B$113, CurrentModel!T73+1,2) -> - | Z73: =INDEX(SpeciesName!$A$2:$B$113, CurrentModel!U73+1,2) -> - | AA73: =INDEX(SpeciesName!$A$2:$B$113, CurrentModel!V73+1,2) -> - | AB73: =INDEX(SpeciesName!$A$2:$B$113, CurrentModel!W73+1,2) -> -
A74: P71 | B74: HNO | C74: NO + H | K74: X | L74: X | Q74: X | X74: =INDEX(SpeciesName!$A$2:$B$113, CurrentModel!S74+1,2) -> - | Y74: =INDEX(SpeciesName!$A$2:$B$113, CurrentModel!T74+1,2) -> - | Z74: =INDEX(SpeciesName!$A$2:$B$113, CurrentModel!U74+1,2) -> - | AA74: =INDEX(SpeciesName!$A$2:$B$113, CurrentModel!V74+1,2) -> - | AB74: =INDEX(SpeciesName!$A$2:$B$113, CurrentModel!W74+1,2) -> -
A75: R1 | B75: C + CH2 | C75: CH + CH | D75: 2.69e-12 exp(-23573.0/T) | E75: NIST | F75: 1000-4000 | K75: X | L75: X | M75: X | N75: X | O75: X | P75: X | Q75: X | X75: =INDEX(SpeciesName!$A$2:$B$113, CurrentModel!S75+1,2) -> - | Y75: =INDEX(SpeciesName!$A$2:$B$113, CurrentModel!T75+1,2) -> - | Z75: =INDEX(SpeciesName!$A$2:$B$113, CurrentModel!U75+1,2) -> - | AA75: =INDEX(SpeciesName!$A$2:$B$113, CurrentModel!V75+1,2) -> - | AB75: =INDEX(SpeciesName!$A$2:$B$113, CurrentModel!W75+1,2) -> -
A76: R2 | B76: C + CN | C76: C2 + N | D76: 4.98e-10 exp(-18041.0/T) | E76: NIST | F76: 5000-8000 | K76: X | L76: X | Q76: X | X76: =INDEX(SpeciesName!$A$2:$B$113, CurrentModel!S76+1,2) -> - | Y76: =INDEX(SpeciesName!$A$2:$B$113, CurrentModel!T76+1,2) -> - | Z76: =INDEX(SpeciesName!$A$2:$B$113, CurrentModel!U76+1,2) -> - | AA76: =INDEX(SpeciesName!$A$2:$B$113, CurrentModel!V76+1,2) -> - | AB76: =INDEX(SpeciesName!$A$2:$B$113, CurrentModel!W76+1,2) -> -
A77: R3 | B77: C + H2 | C77: CH + H | D77: 6.64e-10 exp(-11700.0/T) | E77: NIST | F77: 1520-2540 | K77: X | L77: X | M77: X | N77: X | O77: X | P77: X | Q77: X | X77: =INDEX(SpeciesName!$A$2:$B$113, CurrentModel!S77+1,2) -> - | Y77: =INDEX(SpeciesName!$A$2:$B$113, CurrentModel!T77+1,2) -> - | Z77: =INDEX(SpeciesName!$A$2:$B$113, CurrentModel!U77+1,2) -> - | AA77: =INDEX(SpeciesName!$A$2:$B$113, CurrentModel!V77+1,2) -> - | AB77: =INDEX(SpeciesName!$A$2:$B$113, CurrentModel!W77+1,2) -> -
A78: R4 | B78: C + H2S | C78: CH + HS | D78: 2.1e-10 | E78: NIST | F78: 298 | K78: X | M78: X | N78: X | O78: X | P78: X | Q78: X | X78: =INDEX(SpeciesName!$A$2:$B$113, CurrentModel!S78+1,2) -> - | Y78: =INDEX(SpeciesName!$A$2:$B$113, CurrentModel!T78+1,2) -> - | Z78: =INDEX(SpeciesName!$A$2:$B$113, CurrentModel!U78+1,2) -> - | AA78: =INDEX(SpeciesName!$A$2:$B$113, CurrentModel!V78+1,2) -> - | AB78: =INDEX(SpeciesName!$A$2:$B$113, CurrentModel!W78+1,2) -> -
A79: R5 | B79: C + N2 | C79: CN + N | D79: 8.7e-11 exp(-22611.0/T) | E79: NIST | F79: 2000-5000 | K79: X | L79: X | Q79: X | X79: =INDEX(SpeciesName!$A$2:$B$113, CurrentModel!S79+1,2) -> - | Y79: =INDEX(SpeciesName!$A$2:$B$113, CurrentModel!T79+1,2) -> - | Z79: =INDEX(SpeciesName!$A$2:$B$113, CurrentModel!U79+1,2) -> - | AA79: =INDEX(SpeciesName!$A$2:$B$113, CurrentModel!V79+1,2) -> - | AB79: =INDEX(SpeciesName!$A$2:$B$113, CurrentModel!W79+1,2) -> -
A80: R6 | B80: C + O2 | C80: CO + O | D80: 5.1e-11(T/298.0)^-0.3 | E80: NIST | F80: 15-295 | G80: Low Temperature | K80: X | L80: X | M80: X | N80: X | O80: X | P80: X | Q80: X | X80: =INDEX(SpeciesName!$A$2:$B$113, CurrentModel!S80+1,2) -> - | Y80: =INDEX(SpeciesName!$A$2:$B$113, CurrentModel!T80+1,2) -> - | Z80: =INDEX(SpeciesName!$A$2:$B$113, CurrentModel!U80+1,2) -> - | AA80: =INDEX(SpeciesName!$A$2:$B$113, CurrentModel!V80+1,2) -> - | AB80: =INDEX(SpeciesName!$A$2:$B$113, CurrentModel!W80+1,2) -> -
A81: R7 | B81: C + OCS | C81: CO + CS | D81: 1.01e-10 | E81: NIST | F81: 298 | K81: X | Q81: X | X81: =INDEX(SpeciesName!$A$2:$B$113, CurrentModel!S81+1,2) -> - | Y81: =INDEX(SpeciesName!$A$2:$B$113, CurrentModel!T81+1,2) -> - | Z81: =INDEX(SpeciesName!$A$2:$B$113, CurrentModel!U81+1,2) -> - | AA81: =INDEX(SpeciesName!$A$2:$B$113, CurrentModel!V81+1,2) -> - | AB81: =INDEX(SpeciesName!$A$2:$B$113, CurrentModel!W81+1,2) -> -
A82: R8 | B82: C + SO2 | C82: CO + SO | D82: 6.91e-11 | E82: NIST | F82: 298 | K82: X | M82: X | N82: X | O82: X | P82: X | Q82: X | X82: =INDEX(SpeciesName!$A$2:$B$113, CurrentModel!S82+1,2) -> - | Y82: =INDEX(SpeciesName!$A$2:$B$113, CurrentModel!T82+1,2) -> - | Z82: =INDEX(SpeciesName!$A$2:$B$113, CurrentModel!U82+1,2) -> - | AA82: =INDEX(SpeciesName!$A$2:$B$113, CurrentModel!V82+1,2) -> - | AB82: =INDEX(SpeciesName!$A$2:$B$113, CurrentModel!W82+1,2) -> -
A83: R9 | B83: C2H + C2H3 | C83: C2H2 + C2H2 | D83: 1.6e-12 | E83: NIST | F83: 300-2500 | K83: X | L83: X | M83: X | N83: X | O83: X | P83: X | Q83: X | X83: =INDEX(SpeciesName!$A$2:$B$113, CurrentModel!S83+1,2) -> - | Y83: =INDEX(SpeciesName!$A$2:$B$113, CurrentModel!T83+1,2) -> - | Z83: =INDEX(SpeciesName!$A$2:$B$113, CurrentModel!U83+1,2) -> - | AA83: =INDEX(SpeciesName!$A$2:$B$113, CurrentModel!V83+1,2) -> - | AB83: =INDEX(SpeciesName!$A$2:$B$113, CurrentModel!W83+1,2) -> -
A84: R10 | B84: H2 + C2H4 | C84: C2H5 + H | D84: 1.69e-11 exp(-34277.6/T) | E84: NIST | F84: 300-2500 | K84: X | L84: X | M84: X | N84: X | O84: X | P84: X | Q84: X | X84: =INDEX(SpeciesName!$A$2:$B$113, CurrentModel!S84+1,2) -> - | Y84: =INDEX(SpeciesName!$A$2:$B$113, CurrentModel!T84+1,2) -> - | Z84: =INDEX(SpeciesName!$A$2:$B$113, CurrentModel!U84+1,2) -> - | AA84: =INDEX(SpeciesName!$A$2:$B$113, CurrentModel!V84+1,2) -> - | AB84: =INDEX(SpeciesName!$A$2:$B$113, CurrentModel!W84+1,2) -> -
A85: R11 | B85: C2H + C2H5 | C85: C2H4 + C2H2 | D85: 3.0e-12 | E85: NIST | F85: 300-2500 | K85: X | L85: X | M85: X | N85: X | O85: X | P85: X | Q85: X | X85: =INDEX(SpeciesName!$A$2:$B$113, CurrentModel!S85+1,2) -> - | Y85: =INDEX(SpeciesName!$A$2:$B$113, CurrentModel!T85+1,2) -> - | Z85: =INDEX(SpeciesName!$A$2:$B$113, CurrentModel!U85+1,2) -> - | AA85: =INDEX(SpeciesName!$A$2:$B$113, CurrentModel!V85+1,2) -> - | AB85: =INDEX(SpeciesName!$A$2:$B$113, CurrentModel!W85+1,2) -> -
A86: R12 | B86: C2H + C2H6 | C86: C2H2 + C2H5 | D86: 6.0e-12 | E86: NIST | F86: 300-2500 | K86: X | L86: X | M86: X | N86: X | O86: X | P86: X | Q86: X | X86: =INDEX(SpeciesName!$A$2:$B$113, CurrentModel!S86+1,2) -> - | Y86: =INDEX(SpeciesName!$A$2:$B$113, CurrentModel!T86+1,2) -> - | Z86: =INDEX(SpeciesName!$A$2:$B$113, CurrentModel!U86+1,2) -> - | AA86: =INDEX(SpeciesName!$A$2:$B$113, CurrentModel!V86+1,2) -> - | AB86: =INDEX(SpeciesName!$A$2:$B$113, CurrentModel!W86+1,2) -> -
A87: R13 | B87: C2H + CH3O2 | C87: CH3O + C2HO | D87: 4.0e-11 | E87: NIST | F87: 300-2500 | K87: X | L87: X | M87: X | N87: X | O87: X | P87: X | Q87: X | X87: =INDEX(SpeciesName!$A$2:$B$113, CurrentModel!S87+1,2) -> - | Y87: =INDEX(SpeciesName!$A$2:$B$113, CurrentModel!T87+1,2) -> - | Z87: =INDEX(SpeciesName!$A$2:$B$113, CurrentModel!U87+1,2) -> - | AA87: =INDEX(SpeciesName!$A$2:$B$113, CurrentModel!V87+1,2) -> - | AB87: =INDEX(SpeciesName!$A$2:$B$113, CurrentModel!W87+1,2) -> -
A88: R14 | B88: C2H + CH4O | C88: C2H2 + CH3O | D88: 2.0e-12 | E88: NIST | F88: 300-2500 | K88: X | L88: X | M88: X | N88: X | O88: X | P88: X | Q88: X | X88: =INDEX(SpeciesName!$A$2:$B$113, CurrentModel!S88+1,2) -> - | Y88: =INDEX(SpeciesName!$A$2:$B$113, CurrentModel!T88+1,2) -> - | Z88: =INDEX(SpeciesName!$A$2:$B$113, CurrentModel!U88+1,2) -> - | AA88: =INDEX(SpeciesName!$A$2:$B$113, CurrentModel!V88+1,2) -> - | AB88: =INDEX(SpeciesName!$A$2:$B$113, CurrentModel!W88+1,2) -> -
A89: R15 | B89: C2H2 + C2H5 | C89: C2H6 + C2H | D89: 4.5e-13 exp(-11800.0/T) | E89: NIST | F89: 300-2500 | K89: X | L89: X | M89: X | N89: X | O89: X | P89: X | Q89: X | X89: =INDEX(SpeciesName!$A$2:$B$113, CurrentModel!S89+1,2) -> - | Y89: =INDEX(SpeciesName!$A$2:$B$113, CurrentModel!T89+1,2) -> - | Z89: =INDEX(SpeciesName!$A$2:$B$113, CurrentModel!U89+1,2) -> - | AA89: =INDEX(SpeciesName!$A$2:$B$113, CurrentModel!V89+1,2) -> - | AB89: =INDEX(SpeciesName!$A$2:$B$113, CurrentModel!W89+1,2) -> -
A90: R16 | B90: C2H2 + C2H6 | C90: C2H5 + C2H3 | D90: 1.6e-12 exp(-2300.0/T) | E90: NIST | F90: 290-310 | G90: Low Temperature | K90: X | L90: X | M90: X | N90: X | O90: X | P90: X | Q90: X | X90: =INDEX(SpeciesName!$A$2:$B$113, CurrentModel!S90+1,2) -> - | Y90: =INDEX(SpeciesName!$A$2:$B$113, CurrentModel!T90+1,2) -> - | Z90: =INDEX(SpeciesName!$A$2:$B$113, CurrentModel!U90+1,2) -> - | AA90: =INDEX(SpeciesName!$A$2:$B$113, CurrentModel!V90+1,2) -> - | AB90: =INDEX(SpeciesName!$A$2:$B$113, CurrentModel!W90+1,2) -> -
A91: R17 | B91: C2H2 + CN | C91: HCN + C2H | D91: 2.2e-10 | E91: NIST | F91: 294 | K91: X | L91: X | Q91: X | X91: =INDEX(SpeciesName!$A$2:$B$113, CurrentModel!S91+1,2) -> - | Y91: =INDEX(SpeciesName!$A$2:$B$113, CurrentModel!T91+1,2) -> - | Z91: =INDEX(SpeciesName!$A$2:$B$113, CurrentModel!U91+1,2) -> - | AA91: =INDEX(SpeciesName!$A$2:$B$113, CurrentModel!V91+1,2) -> - | AB91: =INDEX(SpeciesName!$A$2:$B$113, CurrentModel!W91+1,2) -> -
A92: R18 | B92: C2H3 + C2H4O | C92: C2H4 + C2H3O | D92: 1.35e-13 exp(-1850.0/T) | E92: NIST | F92: 480-520 | G92: Low Temperature | K92: X | L92: X | M92: X | N92: X | O92: X | P92: X | Q92: X | X92: =INDEX(SpeciesName!$A$2:$B$113, CurrentModel!S92+1,2) -> - | Y92: =INDEX(SpeciesName!$A$2:$B$113, CurrentModel!T92+1,2) -> - | Z92: =INDEX(SpeciesName!$A$2:$B$113, CurrentModel!U92+1,2) -> - | AA92: =INDEX(SpeciesName!$A$2:$B$113, CurrentModel!V92+1,2) -> - | AB92: =INDEX(SpeciesName!$A$2:$B$113, CurrentModel!W92+1,2) -> -
A93: R19 | B93: C2H4 + C2H5 | C93: C2H3 + C2H6 | D93: 5.83e-14(T/298.0)^3.13^ exp(-9060.0/T) | E93: NIST | F93: 300-2500 | K93: X | L93: X | M93: X | N93: X | O93: X | P93: X | Q93: X | X93: =INDEX(SpeciesName!$A$2:$B$113, CurrentModel!S93+1,2) -> - | Y93: =INDEX(SpeciesName!$A$2:$B$113, CurrentModel!T93+1,2) -> - | Z93: =INDEX(SpeciesName!$A$2:$B$113, CurrentModel!U93+1,2) -> - | AA93: =INDEX(SpeciesName!$A$2:$B$113, CurrentModel!V93+1,2) -> - | AB93: =INDEX(SpeciesName!$A$2:$B$113, CurrentModel!W93+1,2) -> -
A94: R20 | B94: C2H4 + CN | C94: HCN + C2H3 | D94: 2.1e-10 | E94: NIST | F94: 294 | K94: X | L94: X | Q94: X | X94: =INDEX(SpeciesName!$A$2:$B$113, CurrentModel!S94+1,2) -> - | Y94: =INDEX(SpeciesName!$A$2:$B$113, CurrentModel!T94+1,2) -> - | Z94: =INDEX(SpeciesName!$A$2:$B$113, CurrentModel!U94+1,2) -> - | AA94: =INDEX(SpeciesName!$A$2:$B$113, CurrentModel!V94+1,2) -> - | AB94: =INDEX(SpeciesName!$A$2:$B$113, CurrentModel!W94+1,2) -> -
A95: R21 | B95: C2H5 + C2H3 | C95: C2H4 + C2H4 | D95: 4.4e-11 | E95: NIST | F95: 298 | K95: X | L95: X | M95: X | N95: X | O95: X | P95: X | Q95: X | X95: =INDEX(SpeciesName!$A$2:$B$113, CurrentModel!S95+1,2) -> - | Y95: =INDEX(SpeciesName!$A$2:$B$113, CurrentModel!T95+1,2) -> - | Z95: =INDEX(SpeciesName!$A$2:$B$113, CurrentModel!U95+1,2) -> - | AA95: =INDEX(SpeciesName!$A$2:$B$113, CurrentModel!V95+1,2) -> - | AB95: =INDEX(SpeciesName!$A$2:$B$113, CurrentModel!W95+1,2) -> -
A96: R22 | B96: C2H5 + C2H3 | C96: C2H6 + C2H2 | D96: 2.4e-11 | E96: NIST | F96: 298 | K96: X | L96: X | M96: X | N96: X | O96: X | P96: X | Q96: X | X96: =INDEX(SpeciesName!$A$2:$B$113, CurrentModel!S96+1,2) -> - | Y96: =INDEX(SpeciesName!$A$2:$B$113, CurrentModel!T96+1,2) -> - | Z96: =INDEX(SpeciesName!$A$2:$B$113, CurrentModel!U96+1,2) -> - | AA96: =INDEX(SpeciesName!$A$2:$B$113, CurrentModel!V96+1,2) -> - | AB96: =INDEX(SpeciesName!$A$2:$B$113, CurrentModel!W96+1,2) -> -
A97: R23 | B97: C2H5 + C2H4O | C97: C2H6 + C2H3O | D97: 2.1e-12 exp(-4280.0/T) | E97: NIST | F97: 357-676 | G97: Low Temperature | K97: X | L97: X | M97: X | N97: X | O97: X | P97: X | Q97: X | X97: =INDEX(SpeciesName!$A$2:$B$113, CurrentModel!S97+1,2) -> - | Y97: =INDEX(SpeciesName!$A$2:$B$113, CurrentModel!T97+1,2) -> - | Z97: =INDEX(SpeciesName!$A$2:$B$113, CurrentModel!U97+1,2) -> - | AA97: =INDEX(SpeciesName!$A$2:$B$113, CurrentModel!V97+1,2) -> - | AB97: =INDEX(SpeciesName!$A$2:$B$113, CurrentModel!W97+1,2) -> -
A98: R24 | B98: C2H5 + CNO | C98: HCN + C2H4O | D98: 8.7e-13 | E98: NIST | F98: 293 | K98: X | L98: X | Q98: X | X98: =INDEX(SpeciesName!$A$2:$B$113, CurrentModel!S98+1,2) -> - | Y98: =INDEX(SpeciesName!$A$2:$B$113, CurrentModel!T98+1,2) -> - | Z98: =INDEX(SpeciesName!$A$2:$B$113, CurrentModel!U98+1,2) -> - | AA98: =INDEX(SpeciesName!$A$2:$B$113, CurrentModel!V98+1,2) -> - | AB98: =INDEX(SpeciesName!$A$2:$B$113, CurrentModel!W98+1,2) -> -
A99: R25 | B99: C2H5 + CNO | C99: HCNO + C2H4 | D99: 1.1e-10 | E99: NIST | F99: 293 | K99: X | L99: X | Q99: X | X99: =INDEX(SpeciesName!$A$2:$B$113, CurrentModel!S99+1,2) -> - | Y99: =INDEX(SpeciesName!$A$2:$B$113, CurrentModel!T99+1,2) -> - | Z99: =INDEX(SpeciesName!$A$2:$B$113, CurrentModel!U99+1,2) -> - | AA99: =INDEX(SpeciesName!$A$2:$B$113, CurrentModel!V99+1,2) -> - | AB99: =INDEX(SpeciesName!$A$2:$B$113, CurrentModel!W99+1,2) -> -
A100: R26 | B100: C2H5O + O2 | C100: C2H4O + HO2 | D100: 6.3e-14 exp(-550.0/T) | E100: JPL | F100: 200-300 | G100: Low Temperature | K100: X | L100: X | M100: X | N100: X | O100: X | P100: X | Q100: X | X100: =INDEX(SpeciesName!$A$2:$B$113, CurrentModel!S100+1,2) -> - | Y100: =INDEX(SpeciesName!$A$2:$B$113, CurrentModel!T100+1,2) -> - | Z100: =INDEX(SpeciesName!$A$2:$B$113, CurrentModel!U100+1,2) -> - | AA100: =INDEX(SpeciesName!$A$2:$B$113, CurrentModel!V100+1,2) -> - | AB100: =INDEX(SpeciesName!$A$2:$B$113, CurrentModel!W100+1,2) -> -
...

Sheet SpeciesName
A1: No. | B1: Species Name
A2: 0 | B2: -
A3: 1 | B3: O
A4: 2 | B4: O3
A5: 3 | B5: H
A6: 4 | B6: OH
A7: 5 | B7: HO2
A8: 6 | B8: H2O2
A9: 7 | B9: H2O
A10: 8 | B10: N
A11: 9 | B11: NH3
A12: 10 | B12: NH2
A13: 11 | B13: N2O
... A113: 111 | B113: S8A
